Epoch,loss,val_loss
1,26.1608829498291,10.595630645751953
2,10.677361488342285,9.855222702026367
3,10.622977256774902,9.788775444030762
